"";"яНЕДЕМХРЕКЭ оПЪЛНИ нДМНТЮГМШИ ДКЪ ьхмнопнбндю General220v";"";172;"бяе дкъ рпейнбни яхярелш";26;"";195
"";"йНКЭЖН ОПНРЕЙРНПМНЕ 250-275ЛЛ";"";4,95;"йнлкейрсчьхе";85;"";39
"000000";"кюлонвйю 12W GENERAL";"";0;"яберхкэмхйх";98787;"";90
"00000003";"12W LBT-ябер 6500K";"";1,98;"яберхкэмхйх";74;"";240
"0000001";"GENERAL 18W яберхкэмхй 6500й";"";35294,12;"яберхкэмхйх";56;"";300
"0000004";" GENERAL 24 W яберхкэмхй 6500й";"";201,75;"яберхкэмхйх";108;"ЬР";400
"0000006";"юйнярюп 36W яберхкэмхй 6500й";"";0;"яберхкэмхйх";1989;"";500
"00001";"яберхкэмхй GX-53  90-Е";"";0;"яберхкэмхйх";110358;"ЬР";90
"00004";"уПСЯРЮКХЙ GX-53 SOFFITTO";"";0,05;"яберхкэмхйх";99793;"";300
"00005";"люр-303 дн 360 опелхсл";"";0,2;"онкнрмю";2941875,68;"ЙБ2";105
"00006";"люр-303 нр 380-500Л опелхсл";"";0;"онкнрмю";20035828,82;"ЙБ";140
"00007";"кюй-303 дн-360 опелхсл";"";59;"онкнрмю";6576,5;"";130
"00008";"кюй -303 нр 400-500ЯЛ опелхсл";"";89;"онкнрмю";9013,3;"";160
"00009";"кюй жбермюъ дн-360ЯЛ опелхсл";"";69;"онкнрмю";9375,62;"";140
"00010";"кюй жбермни 400-500ЯЛ опелхсл";"";107;"онкнрмю";484,4;"ОЛ";180
"00011";"люр 580 опелхсл";"";;"онкнрмю";8952,78;"";190
"00012";"люр-303  BAUF дн 360 ( цеплюмхъ )";"";;"онкнрмю";4067,1;"";135
"00014";"набнд рпсаш 20-32";"";;"йнлокейрсчьх";870,4;"";35
"00018";"дно сцнк";"";;"онкнрмю";5222;"";50
"00019";"набнд рпсаш 45-55";"";0;"йнлокейрсчьх";77;"ЬР";40
"00022";"бмсрпемхи бшпег";"";150;"онкнрмю";9865,9;"о.л";250
"00023";"нйпсцкше тнплш";"";120;"онкнрмю";965,9;"о.л";150
"00038";"йнкэжн  20 - 90ЛЛ";"";0,03;"йнлкейрсчьхе";813;"ЬР";8
"00039";"йнкэжн 100 - 160ЛЛ";"";0;"йнлкейрсчьхе";3537;"ол";19
"00040";"йнкэжн 126 - 160ЛЛ";"";0;"йнлкейрсчьхе";141;"ол";19
"00041";"йнкэжн 165 - 205ЛЛ";"";7,3;"йнлкейрсчьхе";169;"";20
"00042";"йнкэжн 210 - 230ЛЛ";"";11,4;"йнлкейрсчьхе";55;"";20
"00043";"-";"";0,77;"йнлкейрсчьхе";211;"ол";40
"00050";"окюртнплю   90ЛЛ";"";;"йнлокейрсчьх";31297,7;"";28
"00051";"окюртнплю сМЕБЕПЯЮКЭМЮЪ 60 - 110ЛЛ";"";;"йнлокейрсчьх";12266;"ЬР";28
"00052";"окюртнплю сМЕБЕПЯЮКЭМЮЪ 125 - 155ЛЛ";"";0,15;"йнлокейрсчьх";890;"";65
"00053";"окюртнплю сМЕБЕПЯЮКЭМЮЪ 165 - 255ЛЛ";"";38;"йнлокейрсчьх";181;"";55
"00054";"аюгю онрнкнвмюъ-онд бшръфйс";"";1;"йнлокейрсчьх";281;"ЬР";45
"00055";"йкеи нйнмц";"";0,2;"йнлокейрсчьх";3103,3;"ЬР";160
"00057";"опнтхкэ яремнбни 2.5л юкчлхмхебши 105ЦПЮЛ";"";0;"опнтхкэ";3578,5;"ОЛ";44
"00057б";"аюцер окюярхй PREMIUM  яепши";"";0,82;"опнтхкэ";41519,32;"";22
"00057к";"аюцер пюгдекхрекэмши юкэчлхмх";"";0,63;"опнтхкэ";19968,5;"л";155
"00057о";"аюцер онрнкнвмши юкчлхмх";"";0,85;"опнтхкэ";9000;"ол";85
"00057п";"аюцер онрнкнвмши обу";"";60;"опнтхкэ";1569;"л";60
"00057я";"онпъыхи (flexi F-01) (АЕКШИ-ВЕПМШИ)";"";280;"опнтхкэ";23544;"л";220
"00057р";"EVRO05 ремебни опнт 2Л (юкчлхмэ)";"";32205,48;"опнтхкэ";31;"ОЛ";185
"00057с";"ремебни  ОКЮЯРХЙ 2,5-лЕРПЮ  (ахгнм)";"";2,05;"опнтхкэ";199091,5;"л";55
"00057у";"ебпнапся ОКЮЯРХЙНБШИ  2,5Л (40*40)";"";0,17;"опнтхкэ";4967,2;"";165
"00058";"ондбеяш";"";0;"йнлокейрсчьх";146359;"ЬР";13
"00059";"оепедекйю онрнкйю";"";-0,01;"онкнрмю";5278,46;"ОЛ";90
"00059й";"йпчвнй 6-7ял";"";;"йнлокейрсчьх";169;"";15
"00060ж";"веохйх вепмше феярйхе 6-40";"";56;"йнлокейрсчьх";24249;"ЬР";400
"00062";"йюмрхй жбермни -501";"";0;"йюмрхй";150000;"";25
"00063";"йюмрхй аекши";"";0;"йюмрхй";112160,1;"";20
"00070";"асп-ябепкн KENNER  6-ДХЮЛЕРП";"";9,6;"йнлокейрсчьх";313;"";70
"00072";"яюлнпегш 4,5ЛЛ";"";0,01;"дэчаекэ-яюлнпегш";999805,9;"йц";190
"00075";"АЮГЮ ОНД онфюпйС (ЙПСЦКЮЪ)";"";0,03;"йнлокейрсчьх";49776;"";40
"00076";"WAGO";"";0;"йнлокейрсчьх";10420;"ЬР";9
"00077";"LBT яонрш мхгйхе (ВЕПМШИ-АЕКШИ)";"";0,02;"яберхкэмхйх";12302;"";360
"00078";"LBT яонрш бшянйхе";"";380;"";486;"ЬР";380
"00079";"пюгдекхрекэмши йюмрхй вепмши аекши";"";0,02;"йюмрхй";386,5;"л";25
"00081";"кюлонвйх GENERAL 17W";"";5,5;"яберхкэмхйх";199773;"";140
"00082";"кюлонвйх LEEK 15W";"";;"яберхкэмхйх";98853;"";120
"00083";"йюмрхй вепмши";"";28;"йюмрхй";137730,5;"";28
"00084";"опнбнд";"";;"йнлокейрсчьх";60006143;"ОЛ";28
"00085";"йюмрхй рЕМЕБНИ пЮГДЕКХРЕКЭМШИ  АЕКШИ вепмши";"";;"йюмрхй";1308,5;"ОЛ";30
"00087";"бшръфйю 125лл (унк яепбхя)";"";365;"ремебше беръфйх";92;"ЬР";160
"00088";"-----";"";380;"яберхкэмхйх";162;"ЬР";440
"00089";"-----";"";;"яберхкэмхйх";565;"ЬР";350
"00090";"сцнкнй 75/100";"";40,09;"сцнкйх йпюмьреимш";11401;"";16
"00091";"сцнкнй 125/150";"";0,03;"сцнкйх йпюмьреимш";3943;"ЬР";27
"00092";"йнпнмйю юклюгмюъ кнрня";"";;"йнлокейрсчьх";1006;"ЬР";350
"00093";"ябер кхмхъ юкчлхмэ SLIM 30ЛЛ";"";;"опнтхкэ";2558,4;"";250
"00094";"щйпюм дкъ ябер кхмхх (SLIM 30) аекюъ";"";170;"опнтхкэ";753,6;"";150
"00096";"пюяехбюрекэ щйпюм мю  (SLIM 30ЛЛ)";"";0,01;"опнтхкэ";26155,8;"";150
"00097";"цюпдхмю (FLEXI аекюъ ц-НАПЮГМЮЪ) 320";"";;"йюпмхгш";12542,2;"ол";700
"00098";"оепеундмхй гюопюбыхй аюкнмю";"";2455,8;"йнлокейрсчьх";65474,9;"ЬР";2000
"00098";"цюпдхмю 2-05 (FLEXI аекюъ-вепмюъ о-НАПЮГМЮЪ)";"";-0,23;"йюпмхгш";234471,5;"л";850
"00099";"декнбни нрунд";"";;"онкнрмю";199153,55;"л";115
"00100";"сцнкнй 100/125";"";;"сцнкйх йпюмьреимш";56613999;"ЬР";19
"00101";"сцнкнй 150/200";"";;"сцнкйх йпюмьреимш";19999615;"ЬР";35
"00102";"йнкэжю 10ЛЛ-90ЛЛ";"";;"йнлкейрсчьхе";18;"ЬР";8
"00103";"цюпосм дбнимни";"";;"йнлокейрсчьх";103619,1;"л";40
"00104";"юклюгмюъ йнпнмйю  кнрня";"";-0,04;"йнлокейрсчьх";9809;"";350
"00105";"ахрю мю ьспсонбепр 50mm";"";;"йнлокейрсчьх";8;"ЬР";100
"00106";"LOTUS рпсавюрне ябепкн он йепюлнцпюмхрс";"";;"йнлокейрсчьх";4952;"ЬР";200
"00107";"LOTUS асп смхбепяюкэмши";"";170;"йнлокейрсчьх";97;"ЬР";170
"00109";"пеьерйю";"";;"йнлокейрсчьх";0;"ЬР";1000
"00110";"--";"";1100;"акнйх охрюмхъ";4;"ЬР";1100
"00111";"хгнкемрю";"";;"йнлокейрсчьх";98;"ЬР";65
"00114";"йнмейрнп йнмжш я опнбнднл 10ЛЛ";"";17;"яберндхндмше кемрш";284;"ЬР";34
"00115";"йнммейрнп янедхмхрекэ  10лл";"";-0,05;"яберндхндмше кемрш";240;"ЬР";30
"00116";"йнммейрнп сцкш 10лл";"";25;"яберндхндмше кемрш";173;"ЬР";45
"00117";"1";"";1,06;"йнлокейрсчьх";528,4;"";160
"00118";"кемрю COB-480 10 бР  4000Й  24V 5 ЛЕРПНБ          DARS-ELECTRO";"";;"яберндхндмше кемрш";5132;"ОЛ";340
"00119";"кемрю 120Д-1Л 13бР  2000й (AMBER) 24V  5 ЛЕРПНБ DARS-ELECTRO";"";240;"яберндхндмше кемрш";16;"ОЛ";320
"00120";"кемрю 240Д-1Л  20бР  4000й  24V  (5 ЛЕРПНБ)         DARS-ELECTRO";"";;"яберндхндмше кемрш";4;"ОЛ";320
"00121";"кемрю 240Д-1Л  22бР 6000й 24V  (5 ЛЕРПНБ)          FOVORITE LED";"";-18,86;"яберндхндмше кемрш";538;"ОЛ";310
"00122";"бшръфйю 100лл (унк яепбхя)";"";;"ремебше беръфйх";39;"ЬР";100
"00123";"яберхкэмхй LBT36W 65000k";"";560;"йнлокейрсчьх";13305;"ЬР";560
"00124";"яБЕРХКЭМХЙ Datts SLIMSTAR cristal АЕКШИ";"";;"яберхкэмхйх";173;"";230
"00125";"яБЕРХКЭМХЙ Datts SLIMSTAR cristal ВЕПМШИ";"";;"яберхкэмхйх";16;"";230
"00126";"яБЕРХКЭМХЙ Datts SLIMSTAR round one АЕКШИ";"";;"яберхкэмхйх";16;"";230
"00127";"яБЕРХКЭМХЙ Datts SLIMSTAR round on ВЕПМШИ";"";;"яберхкэмхйх";13;"";230
"00128";"яБЕРХКЭМХЙ Datts SLIMSTAR sleek АЕКШИ";"";;"яберхкэмхйх";-3;"";230
"00129";"яБЕРХКЭМХЙ Datts SLIMSTAR sleek ВЕПМШИ";"";;"яберхкэмхйх";20;"";230
"00131";"яБЕРХКЭМХЙ Datts SLIMSTAR square twins АЕКШИ-вепмши";"";;"яберхкэмхйх";168;"";300
"00132";"цЮПДХМЮ 1 ПЪДМЮЪ аЕКШИ, юкчлхмэ юл1, 2,0ЛО,,";"";;"йюпмхгш";1156,8;"ОЛ";620
"00133";"цЮПДХМЮ 1 ПЪДМЮЪ вЕМШИ, юкчлхмэ юл1, 2,0ЛО,";"";;"йюпмхгш";9899,2;"ОЛ";620
"00134";"цЮПДХМЮ обу 1-ПЪДМЮЪ ой1, аЕКШИ, 2,5ЛК";"";;"йюпмхгш";8;"ОЛ";450
"00135";"цЮПДХМЮ обу 2-ПЪДМЮЪ ой14, аЕКШИ, 3,2ЛО";"";;"йюпмхгш";1,6;"";550
"00136";"йПЧВЙХ ДКЪ цюпдхмш обу вепмши-аекши";"";;"йюпмхгш";503;"ЬР";5
"00137";"----------";"";;"рнпжебше гюцксьйх";961;"ЬР";65
"00138";"-------";"";;"рнпжебше гюцксьйх";8;"ЬР";150
"00139";"яберхкэмхй яонр  DATTS GX53 2110";"";350;"яберхкэмхйх";34;"ЬР";350
"00140";"кюлою лндскэ яБЕРНДХНДМШИ Datts Star pill 7-Wat (АЕКШЕ-ВЕПМШЕ";"";-0,42;"яберхкэмхйх";694;"ЬР";200
"00141";"яонр мхгйхи  LUCELLI LDY-L04 black";"";;"яберхкэмхйх";352;"";420
"00142";"яонр мхгйхи LUCELLI LDY-L04 white";"";;"яберхкэмхйх";3669;"ЬР";420
"00143";"йпчвнй 7-8 ял";"";;"йнлокейрсчьх";642;"ЬР";18
"00144";"--";"";;"акнйх охрюмхъ";1688;"ЬР";1290
"00145";"--";"";800;"акнйх охрюмхъ";112550;"ЬР";
"00146";"---";"";;"акнйх охрюмхъ";9995;"ЬР";1750
"00147";"бюцн йкелю (2-имюъ)";"";5;"йнлокейрсчьх";576;"ЬР";8
"00148";"бюцн йкелю (3-ИМЮЪ)";"";0,01;"йнлокейрсчьх";743;"ЬР";9
"00149";"окюртнплю п-75ЛЛ";"";20;"йнлокейрсчьх";99;"ЬР";25
"00150";"набнд дкъ рпса 105-155-125ЛЛ";"";150;"йнлокейрсчьх";45;"ЬР";180
"00151";"яберхкэмхй SOFFITT0 36W";"";265;"яберхкэмхйх";223;"ЬР";400
"00152";"яберхкэмхй SOFFITT0 24W";"";241;"яберхкэмхйх";178;"ЬР";380
"00153";"пюгдекхрекэмши опнт (апся) оюгк";"";7,49;"опнтхкэ";1571,3;"ОЛ";270,04
"00154";"гюцксьйю рнпжебюъ (дкъ о-НАПЮГМНИ цюпдхмш) фекегмюъ";"";;"рнпжебше гюцксьйх";2645;"";400
"00155";"оюрпнмш мю омеблнохярнкер";"";;"йнлокейрсчьх";8137;"ЬР";5
"00156";"омеблнохярнкер";"";0;"йнлокейрсчьх";653;"";1000
"00157";"пеьерйю бемрхкъжхнммюъ я окюртнплни K-03(d 100mm) вепмюъ";"";780;"йнлокейрсчьх";2;"ЬР";1280
"00158";"пеьерйю бемрхкъжхнммюъ я окюртнплни K-03(d 125mm) ВЕПМЮЪ";"";920;"йнлокейрсчьх";0;"ЬР";1420
"00159";"пеьерйю бемрхкъжхнммюъ я окюртнплни о-01 (175"60ЛЛ) аекюъ";"";840;"ремебше беръфйх";2;"ЬР";1340
"00160";"------";"";;"опнтхкэ";43;"л";280
"00161";"яберхкэмхй SOFFITTO 36W вепмши йюмрхй (лндскэ 3 жберю)";"";;"яберхкэмхйх";126289;"ЬР";490
"00162";"яберхкэмхй SOFFITTO 24W вепмши йюмрхй (лндскэ 3 жберю)";"";;"яберхкэмхйх";44788;"ЬР";430
"00163";"яберхкэмхй SOFFITTO 18W вепмши йюмрхй (лндскэ 3 жберю)";"";;"яберхкэмхйх";95168;"ЬР";340
"00164";"яберхкэмхй SOFFITTO GX53 6400k упсярюкэ";"";;"яберхкэмхйх";72;"ЬР";300
"00165";"кемрю 240Д-1Л 25бР 6000й 25V  (5 ЛЕРПНБ) FOVORITE LED дбсу пъдмюъ";"";336;"яберндхндмше кемрш";1013;"л";386
"00166";"опнтхкэ обу аекши опелхсл";"";19,5;"опнтхкэ";4088;"ол";24
"00167";"люц пеьерйю 220*80 аек/веп";"";;"ремебше беръфйх";99967;"";1000
"00168";"люц пеьерйю 145ЛЛ аек/веп";"";;"ремебше беръфйх";99993;"";1000
"00169";"люц пеьерйю 120ЛЛ аек/веп";"";;"ремебше беръфйх";99989;"";800
"00171";"сцнкнй 90Ц яНЕДЕМХРЕКЭэ ябер кхмхъ Slim30";"";250;"ремебни +онпъьхи";210;"ЬР";300
"00172";"бемрекърнп ремебни дхттсгнп йбюдп";"";;"ремебше беръфйх";99983;"";2700
"00173";"щйпюм пюяяехбюрекэ дкъ цюпдхмш аекши";"";;"";99979,8;"";145
"00175";"люр-303  BAUF 400-450ЯЛ ( цеплюмхъ )";"";;"онкнрмю";11509,8;"";160
"00176";"сцнк дкъ ябер.кхмхх 3ЯЛ (90-ЦПЮДСЯНБ)";"";0,03;"сцнкйх (йпюм";965;"ЬР";300
"00177";"сцнк дкъ ябер. кхмхх 3ЯЛ (йпеяр)";"";45,33;"ремебни +онпъьхи";2637;"ЬР";350
"00178";"сцнк дкъ ябер.кхмхх 3ЯЛ (60-ЦПЮДСЯНБ)";"";350;"ремебни +онпъьхи";1;"ЬР";350
"00179";"сцнк дкъ ябер.кхмхх 3ЯЛ(120-ЦПЮДСЯНБ)";"";250;"ремебни +онпъьхи";1;"ЬР";300
"00180";"сцнк дкъ ябер.кхмхх 3ЯЛ рпнимхй (120-ЦПЮДСЯНБ)";"";-0,88;"ремебни +онпъьхи";1179;"ЬР";350
"00181";"яберхкэмхй SOFFITTO 36W аекши (лндскэ 3 жберю)";"";;"";232;"ЬР";490
"00182";"яберхкэмхй SOFFITTO 24W аекши (лндскэ 3 жберю)";"";;"";24;"ЬР";430
"00183";"яберхкэмхй SOFFITTO 18W аекши (лндскэ 3 жберю)";"";;"";446;"ЬР";330
"00184";"пюяяехбюрекэ вепмши FLEXY";"";;"йюпмхгш";86,5;"л";200
"00185";"кемрю COB SOFFITTO 6000k 24V /13W  10M (ОПНХГБНКЭМНЦН НРПЕГЮ)";"";;"яберндхндмше кемрш";12356842,3;"л";190
"00186";"щйпюм дкъ SLIM 30 FLEXI вепмши";"";115;"опнтхкэ";44,6;"";200
"00187";"гюцксьйю рнпеж LINE SLIM 30 (OpLIST)";"";0;"рнпжебше гюцксьйх";29551;"ЬР";48
"00188";"рнпеж рпей 01(OpLIST) ГЮЦКСЬЙЮ";"";35;"рнпжебше гюцксьйх";22;"ЬР";68
"00189";"аюгю-окюртнплю онд кчярпс нбюк аекюъ";"";21;"йнлокейрсчьх";494;"ЬР";45
"00190";"окюртнплю онд кчярпс  йпсц лхмх (релмюъ )";"";8;"йнлокейрсчьх";494;"ЬР";40
"00191";"аюгю онрнкнвмюъ-онд кчярпс";"";;"йнлокейрсчьх";1144;"";45
"00192";"яюлнпегш он лерюккс";"";;"йнлокейрсчьх";9984;"оювйю";100
"00193";"яберхкэмхй рпейнбши DATTS TRACKLINE 2301 BK 40W";"";870;"рпей";-1;"ЬР";1230
"00194";"яберхкэмхй рпейнбши DATTS TRACKLINE 2302 BK 30W";"";-2,57;"рпей";566;"ЬР";1100
"00195";"яберхкэмхй рпейнбши DATTS TRACKLINE 2303  BK 30W";"";860;"рпей";2;"ЬР";860
"00196";"яонр GX-53-S1 SOFFITTO ВЕПМШИ я оепедмхл нандйнл";"";;"яберхкэмхйх";10810;"ЬР";250
"00197";"яонр GX-53-S2 SOFFITTO АЕКШИ  я оепедмхл нандйнл";"";;"яберхкэмхйх";22924;"ЬР";250
"00198";"пеьерйю АЕКЮЪ 48лл";"";;"ремебше беръфйх";2253;"ЬР";45
"00199";"нрбепрйх";"";;"йнлокейрсчьх";695;"ЬР";500
"00200";"оюъкэмхй";"";;"йнлокейрсчьх";96;"ЬР";1000
"00201";"опнтхкэ пюгдекхрекэмши обу";"";14,02;"опнтхкэ";195;"ЬР";75
"00202";"ьхмюопнбнд ндмнтюгмши 2л (ВЕПМШИ )";"";0,04;"бяе дкъ рпейнбни яхярелш";1501;"ол";375
"00204";"бнд охрюмхъ нДМНТЮГМШИ ДКЪ ЬХМНОПНБНД";"";126;"бяе дкъ рпейнбни яхярелш";27;"ЬР";135
"00205";"яНЕДЕМХРЕКЭ сЦНК L нДМНТЮГМШИ ДКЪ ьхмнопнбндю General220v";"";;"бяе дкъ рпейнбни яхярелш";29;"ЬР";200
"00206";"опнтхкэ рпей01 2л (опнтхкэ дкъ ьхмнопнбндю)";"";360;"опнтхкэ";12659;"ЬР";390
"00207";"оКЮРТНПЛЮ СМЕБЕПЯЮКЭМЮЪ  йбюдпюрмюъ(155*75/165*85/175*95 ЛЛ)";"";52;"йнлокейрсчьх";56;"ЬР";70
"00208";"пеьерйю 3D бемр 100лл";"";500;"йнлокейрсчьх";13;"ЬР";250
"00209";"опнтхкэ нранимхй Z-НАПЮГМШИ  2.5M";"";-20,76;"опнтхкэ";2,5;"ол";67
"00210";"сцнк онбнпнр 3д бМСРПЕМХИ юл-1  вепмши-аекши";"";-4,21;"сцнкйх (йпюм";147;"";620
"00211";"опнтхкэ аюмдюф юкчлхмхи 2л";"";50;"опнтхкэ";34;"ол";80
"00212";"яонр SOFFITTO 2110 вепмши-аекше";"";127;"яберхкэмхйх";721;"ЬР";270
"00213";"яонр SOFFITTO 2210 вепмши-аекше";"";130;"яберхкэмхйх";643;"";350
"00214";"BH-S/53 Soffitto бЯРПЮЕБЮЕЛШИ яБЕРХКЭМХЙ";"";88;"яберхкэмхйх";76;"ЬР";350
"00217";"сцнкйх 200\250";"";;"сцнкйх йпюмьреимш";2580;"ЬР";45
"00218";"язелмхй хгнкъжхх GENERAL";"";-77,78;"яберндхндмше кемрш";7;"ЬР";940
"00219";"кемрю COB AKKOSTAR 24V/320D-8ЛЛ 6500й";"";-123,41;"яберндхндмше кемрш";65,7;"л";140
"00221";"-------";"";;"бЯЕ ЦПСООШ";101,5;"л";45
"00222";"кемрю 28W SOFFITTO 2У-пЪДМЮЪ 6000k 5л (24V 480Led) 15mm";"";-0,08;"яберндхндмше кемрш";1974;"ЬР";280
"00223";"оскэр дхллеп 3у пефхлмши";"";208;"дхлепш";26;"ЬР";350
"00224";"оскэр дхллеп 4у пефхлмши";"";231;"дхлепш";44;"ЬР";370
"00225";"акнй SOFFITTO 24V 100WAT";"";-0,04;"акнйх охрюмхъ";7934;"ЬР";460
"00226";"акнй SOFFITTO 24V 200WAT";"";-7,32;"акнйх охрюмхъ";9816;"ЬР";620
"00227";"акнй SOFFITTO 24V 300WAT";"";-0,46;"акнйх охрюмхъ";774;"ЬР";700
"00228";"акнй SOFFITTO 24V 400WAT";"";-0,14;"акнйх охрюмхъ";9795;"ЬР";750
"00229";"йпчвйх мю цюпдхмс 2-у пъдмсч FLEXY";"";9;"йюпмхгш";9744;"ЬР";13
"00230";"мюйкюдйю мю цюпдхмс";"";25;"йюпмхгш";3214891,5;"л";30
"00231";"цбнгдх лнмрюфмше 25ЛЛ";"";;"дэчаекэ-яюлнпегш";7058;"оювйю";0,69
"00232";"окюртнплю смхбеп опълнсцнкэмюъ";"";55;"";9981;"";65
"00233";"бемр пеьерйю SVET PRO";"";;"ремебше беръфйх";9972;"";800
"00234";"сцнкйх 250\300";"";;"";9997;"";48
"00235";"акнй охрюмхъ OSCAR люц рпей 200W 48V";"";880;"люцмхрмше рпейнбше яхярелш";3;"";1040
"00236";"акнй охрюмхъ OSCAR люц рпей 300W 48V";"";1037;"люцмхрмше рпейнбше яхярелш";5;"";1137
"00237";"акнй охрюмхъ OSCAR люц рпей 400W 48V";"";1428;"люцмхрмше рпейнбше яхярелш";8;"";1528
"00238";"йнммейрнп дкъ янедхмемхъ люц рпейю";"";293;"рпей люц";6;"";393
"00239";"цюпосммши люцмхрмши рпей 2л вепмши";"";984;"люцмхрмше рпейнбше яхярелш";2;"ол";1550
"00240";"йнммейрнп сцкнбни дкъ янедхмемхъ люц рпейю";"";208;"люцмхрмше рпейнбше яхярелш";6;"ЬР";308
"00241";"рнпжебюъ гюцксьйю дкъ люцмхрмнцн рпейю";"";-8,08;"люцмхрмше рпейнбше яхярелш";4;"";130
"00242";"йнммейрнп дкъ янедхмемхъ люц рпейю опълни";"";-29,95;"люцмхрмше рпейнбше яхярелш";497;"ЬР";393
"00243";"бшръфйю ремебюъ люц я бемрхкърнпнл (лерюк/обу)";"";1800;"ремебше беръфйх";6;"";2400
"00244";"ремебни 3D дхттсгнп аег бемрхкърнпю (обу)";"";3,4;"ремебше беръфйх";181;"";1200
"00245";"бемрхкъжхнмши ремебни 3D дхттсгнп я бемрхкърнпнл (обу)";"";-0,24;"ремебше беръфйх";20030;"";1700
"00246";"рнпжебюъ гюцксьйю (3D) дкъ 2У-ПЪДМНИ цЮПДХМШ 2.05 (аек-веп) йнлокейр";"";-0,08;"рнпжебше гюцксьйх";4698;"";340
"00247";"BH-10 MONZA бярпюебюелши яберхкэмхй";"";330;"яберхкэмхйх";31;"ЬР";390
"00248";"пнкхй гюйюрнвмши (дкъ йюмрхйю)";"";-77,77;"";0;"ЬР";1100
"00249";"гюфхл дкъ оюийх ябернбни кемрш (гхо ок)";"";400;"";11;"ЬР";790
"00250";"оскэр дхлеп (2У ЙНМЮКЭМШИ)";"";250;"дхлепш";31;"ЬР";340
"00251";"кемрю ЯБЕРНДХНДМЮЪ  EXPROTAIMI 23-бюр 24V/10mm 240d 4000k-6000k";"";128;"яберндхндмше кемрш";121;"ол";176
"00252";"бемр пеьнрйю (ямефхмйю) 100ЛЛ 3D";"";70;"ремебше беръфйх";80;"ЬР";130
"00253";"пеьнрйю пЕБХГХНММЮЪ (янрш)";"";110;"ремебше беръфйх";42;"ЬР";220
"00254";"рНПЖЕБЮЪ гЮЦКСЬЙЮ юл1 (3D)дкъ 1-ПЪДМНИ цюпдхмш (аек-веп) 1-ьрсйю";"";0,07;"рнпжебше гюцксьйх";9789;"ЬР";105
"00255";"рНПЖЕБЮЪ гЮЦКСЬЙЮ ой-14 АЕКЮЪ-ВЕПМЮЪ (3D)";"";-1,43;"рнпжебше гюцксьйх";81;"";120
"00256";"ьопхж юмдпеебю";"";;"";14984;"";350
"00257";"люр-303  BAUF 500ЯЛ ( цеплюмхъ )";"";;"онкнрмю";18106,4;"";180
"00258";"юмрхйкеи (ЯПЕДЯРБН ДКЪ СДЮКЕМХЪ ЙКЕЪ )";"";-4,08;"";23;"ЬР";270
"00259";"бняй дкъ нукюфдемхъ юклюгмни йнпнмйх";"";95;"";50;"";150
"00260";"оюярю ткчя дкъ оюийх";"";;"бЯЕ ЦПСООШ";10;"ЬР";483
"00261";" бемр пеь лскэрхйпютр (апхг) 100ЛЛ";"";420;"ремебше беръфйх";96;"ЬР";420
"00262";" бемр пеь лскэрхйпютр (апхг) 50ЛЛ";"";230;"ремебше беръфйх";99;"ЬР";280
"00263";"бМСРПЕМХИ сЦНК EURO-05 ремебни FLEXY ВЕПМШИ";"";110;"ремебни +онпъьхи";42;"ЬР";170
"00264";"мюпсфмхи сЦНК EURO-05 FLEXY ВЕПМШИ";"";120;"ремебни +онпъьхи";48;"ЬР";170
"00265";"бМСРПЕМХИ СЦНК EURO-05 оЮПЪЬХИ FLY-01 ВЕПМ опюбши";"";120;"ремебни +онпъьхи";46;"ЬР";170
"00266";"бМСРПЕМХИ СЦНК EURO-05 оЮПЪЬХИ FLY-01 ВЕПМ кебши";"";120;"ремебни +онпъьхи";50;"ЬР";170
"00267";"бмсрпемхи СЦНК оюпъьхи FLY-01 ВЕПМШИ-АЕКШИ";"";142;"ремебни +онпъьхи";0;"ЬР";220
"00268";"мюпсфмши СЦНК оюпъьхи FLY-01 ВЕПМШИ-АЕКШИ";"";143;"ремебни +онпъьхи";34;"ЬР";220
"00269";"йНКЭЖН ОПНРЕЙРНПМНЕ 280-300ЛЛ";"";;"йнлкейрсчьхе";50;"";53
"00270";"йНКЭЖН ОПНРЕЙРНПМНЕ 325-375ЛЛ";"";95;"йнлкейрсчьхе";50;"";150
"00271";"йНКЭЖН ОПНРЕЙРНПМНЕ 400-425ЛЛ";"";117;"йнлкейрсчьхе";50;"";217
"00272";"йНКЭЖН ОПНРЕЙРНПМНЕ 455-485ЛЛ";"";147;"йнлкейрсчьхе";50;"";249
"00273";"йНКЭЖН ОПНРЕЙРНПМНЕ 550ЛЛ";"";170;"йнлкейрсчьхе";49;"";290
"00274";"йНКЭЖН ОПНРЕЙРНПМНЕ 580ЛЛ";"";180;"йнлкейрсчьхе";50;"";370
"00275";"йНКЭЖН ОПНРЕЙРНПМНЕ 610ЛЛ";"";181;"йнлкейрсчьхе";50;"";398
"00276";"спнбемэ кюгепмши";"";;"йнлокейрсчьх";14;"";2700
"00277";"йюмрхй мю цюпдхмс АЕКШИ-ВЕПМШИ";"";;"";516,4;"ол";29
"00278";"";"";;"";0;"";
"00279";"люцмхрмши ьхмнопнбндОНД МЮРЪФМНИ IZILED 48V";"";;"люцмхрмше рпейнбше яхярелш";39938;"";1550
"00280";"яберхкэмхй рпейнбши 4Б1 IZILED 48V 18W";"";;"люцмхрмше рпейнбше яхярелш";87;"ЬР";1200
"00281";"яберхкэмхй рпейнбши 4Б1 IZILED 24W 48V";"";;"люцмхрмше рпейнбше яхярелш";69;"";1300
"00282";"цбнгдх СЯХКЕММШЕ 3,19ЛЛ-3.22ЛЛ";"";;"онкнрмю";14000;"ЬР";0,69
"00283";"яБЕРХКЭМХЙ рПЕЙНБШИ сцкнбни 4б1 18W 48v IZILED";"";;"люцмхрмше рпейнбше яхярелш";10;"";2300
"00284";"аКНЙ оХРЮМХЪ ялюпр БЯРПЮХБЮЕЛШИ 48V ДКЪ люц РПЕЙЮ 200w";"";;"люцмхрмше рпейнбше яхярелш";92;"";3380
"00285";"COB кемрю GTR/LED 1800K";"";;"яберндхндмше кемрш";10;"ол";235
"00286";"кхмеимши яберхкэмхй 60ял (онбнпнрмши) 40W 6000k 220V вепмши";"";;"";510910;"";900
"00287";"окютнм SOFFITTO 48W  (лндскэ 3 жберю)";"";;"яберхкэмхйх";9603;"";680
"00288";"декнбни нрунд";"";;"онкнрмю";1111108,6;"";115
"00289";"яберхкэмхй SOFFITTO 10W вепмши-аекши йюмр(лндскэ 3 жберю)";"";;"яберхкэмхйх";830;"ЬР";250
"00290";"оепеундмхй мю ябер кхмхч SLIM 30";"";-0,5;"ремебни +онпъьхи";419;"";110
"00291";"делнмрюфмхй";"";;"йнлокейрсчьх";96;"";300
"00292";"цЮГНБШИ АЮКНМ ДКЪ ЛНМРЮФМНЦН ОХЯРНКЕРЮ TOUA";"";1927,06;"";16;"ЬР";370
"00293";"кюлою 10W лндскэ DATTS 3Б1";"";;"яберхкэмхйх";99982;"";260
"00294";"пеьерйю нр оюгк";"";;"";115;"";350
"00295";"аюмдюф янедхмхрекэ мю люц рпей (опълни сцкнбни)";"";;"люцмхрмше рпейнбше яхярелш";89;"";150
"00296";"акнй охрюмхъ 24V 200W бшмнямни";"";1100;"люцмхрмше рпейнбше яхярелш";7;"";1500
"00297";"акнй охрюмхъ 24V 300W бшмнямни";"";1567;"люцмхрмше рпейнбше яхярелш";7;"";1967
